funnel_id,customer_id,stage,start_date,end_date,duration_days,customer_name,segment,region
FUNNEL0001,CUST0888,Lead,2025-03-23 10:37:23.105466,,,Cliente 888,Pequena Empresa,Norte
FUNNEL0002,CUST0186,Negociação,2025-07-10 10:37:23.105490,,,Cliente 186,Média Empresa,Centro-Oeste
FUNNEL0003,CUST0904,Lead,2025-06-30 10:37:23.105496,,,Cliente 904,Média Empresa,Nordeste
FUNNEL0004,CUST0682,Negociação,2025-06-25 10:37:23.105500,,,Cliente 682,Pequena Empresa,Nordeste
FUNNEL0005,CUST0204,Lead,2025-04-12 10:37:23.105504,,,Cliente 204,Grande Empresa,Sudeste
FUNNEL0006,CUST0554,Fechado Ganho,2025-03-11 10:37:23.105507,2025-03-30 10:37:23.105507,19.0,Cliente 554,Média Empresa,Centro-Oeste
FUNNEL0007,CUST0013,Lead,2025-06-22 10:37:23.105511,,,Cliente 13,Grande Empresa,Norte
FUNNEL0008,CUST0666,Proposta,2025-02-22 10:37:23.105516,,,Cliente 666,Pequena Empresa,Centro-Oeste
FUNNEL0009,CUST0274,Qualificação,2025-06-19 10:37:23.105522,,,Cliente 274,Autônomo,Nordeste
FUNNEL0010,CUST0298,Negociação,2025-06-29 10:37:23.105526,,,Cliente 298,Pequena Empresa,Norte
FUNNEL0011,CUST0051,Qualificação,2025-05-28 10:37:23.105530,,,Cliente 51,Autônomo,Sul
FUNNEL0012,CUST0500,Negociação,2025-04-02 10:37:23.105534,,,Cliente 500,Autônomo,Centro-Oeste
FUNNEL0013,CUST0369,Qualificação,2025-03-02 10:37:23.105538,,,Cliente 369,Pequena Empresa,Sul
FUNNEL0014,CUST0724,Negociação,2025-03-11 10:37:23.105541,,,Cliente 724,Grande Empresa,Sudeste
FUNNEL0015,CUST0656,Lead,2025-08-06 10:37:23.105545,,,Cliente 656,Pequena Empresa,Sudeste
FUNNEL0016,CUST0357,Qualificação,2025-02-28 10:37:23.105549,,,Cliente 357,Pequena Empresa,Sudeste
FUNNEL0017,CUST0003,Proposta,2025-03-24 10:37:23.105552,,,Cliente 3,Grande Empresa,Norte
FUNNEL0018,CUST0254,Lead,2025-05-30 10:37:23.105568,,,Cliente 254,Pequena Empresa,Centro-Oeste
FUNNEL0019,CUST0475,Lead,2025-07-08 10:37:23.105571,,,Cliente 475,Média Empresa,Centro-Oeste
FUNNEL0020,CUST0847,Fechado Perdido,2025-04-14 10:37:23.105575,2025-06-06 10:37:23.105575,53.0,Cliente 847,Pequena Empresa,Centro-Oeste
FUNNEL0021,CUST0506,Fechado Perdido,2025-07-30 10:37:23.105579,2025-08-08 10:37:23.105579,9.0,Cliente 506,Pequena Empresa,Centro-Oeste
FUNNEL0022,CUST0256,Negociação,2025-04-16 10:37:23.105582,,,Cliente 256,Média Empresa,Centro-Oeste
FUNNEL0023,CUST0610,Qualificação,2025-07-19 10:37:23.105586,,,Cliente 610,Média Empresa,Sudeste
FUNNEL0024,CUST0685,Qualificação,2025-06-09 10:37:23.105589,,,Cliente 685,Autônomo,Norte
FUNNEL0025,CUST0150,Proposta,2025-03-02 10:37:23.105593,,,Cliente 150,Pequena Empresa,Sudeste
FUNNEL0026,CUST0488,Lead,2025-05-20 10:37:23.105597,,,Cliente 488,Pequena Empresa,Centro-Oeste
FUNNEL0027,CUST0279,Fechado Perdido,2025-07-02 10:37:23.105601,2025-08-27 10:37:23.105601,56.0,Cliente 279,Grande Empresa,Nordeste
FUNNEL0028,CUST0059,Lead,2025-06-13 10:37:23.105604,,,Cliente 59,Pequena Empresa,Norte
FUNNEL0029,CUST0446,Fechado Perdido,2025-06-24 10:37:23.105608,2025-07-02 10:37:23.105608,8.0,Cliente 446,Autônomo,Sul
FUNNEL0030,CUST0113,Proposta,2025-03-05 10:37:23.105612,,,Cliente 113,Autônomo,Sul
FUNNEL0031,CUST0836,Negociação,2025-05-22 10:37:23.105615,,,Cliente 836,Média Empresa,Nordeste
FUNNEL0032,CUST0755,Lead,2025-05-21 10:37:23.105619,,,Cliente 755,Pequena Empresa,Nordeste
FUNNEL0033,CUST0822,Fechado Ganho,2025-04-28 10:37:23.105622,2025-05-13 10:37:23.105622,15.0,Cliente 822,Pequena Empresa,Norte
FUNNEL0034,CUST0569,Qualificação,2025-02-12 10:37:23.105627,,,Cliente 569,Autônomo,Sul
FUNNEL0035,CUST0489,Negociação,2025-07-08 10:37:23.105630,,,Cliente 489,Autônomo,Norte
FUNNEL0036,CUST0407,Fechado Ganho,2025-06-29 10:37:23.105634,2025-07-21 10:37:23.105634,22.0,Cliente 407,Pequena Empresa,Centro-Oeste
FUNNEL0037,CUST0367,Lead,2025-07-25 10:37:23.105638,,,Cliente 367,Autônomo,Sul
FUNNEL0038,CUST0060,Qualificação,2025-04-07 10:37:23.105641,,,Cliente 60,Pequena Empresa,Sul
FUNNEL0039,CUST0329,Proposta,2025-03-16 10:37:23.105645,,,Cliente 329,Média Empresa,Centro-Oeste
FUNNEL0040,CUST0728,Qualificação,2025-02-16 10:37:23.105648,,,Cliente 728,Grande Empresa,Nordeste
FUNNEL0041,CUST0469,Proposta,2025-04-17 10:37:23.105652,,,Cliente 469,Pequena Empresa,Norte
FUNNEL0042,CUST0745,Qualificação,2025-03-05 10:37:23.105656,,,Cliente 745,Pequena Empresa,Nordeste
FUNNEL0043,CUST0567,Qualificação,2025-06-23 10:37:23.105660,,,Cliente 567,Pequena Empresa,Sul
FUNNEL0044,CUST0885,Negociação,2025-04-10 10:37:23.105663,,,Cliente 885,Grande Empresa,Centro-Oeste
FUNNEL0045,CUST0720,Proposta,2025-07-03 10:37:23.105667,,,Cliente 720,Grande Empresa,Sul
FUNNEL0046,CUST0063,Lead,2025-03-04 10:37:23.105670,,,Cliente 63,Grande Empresa,Centro-Oeste
FUNNEL0047,CUST0184,Fechado Ganho,2025-07-31 10:37:23.105674,2025-09-15 10:37:23.105674,46.0,Cliente 184,Grande Empresa,Sudeste
FUNNEL0048,CUST0311,Fechado Ganho,2025-04-19 10:37:23.105678,2025-06-11 10:37:23.105678,53.0,Cliente 311,Média Empresa,Nordeste
FUNNEL0049,CUST0793,Proposta,2025-04-15 10:37:23.105681,,,Cliente 793,Média Empresa,Sul
FUNNEL0050,CUST0538,Qualificação,2025-06-17 10:37:23.105685,,,Cliente 538,Pequena Empresa,Sul
FUNNEL0051,CUST0177,Qualificação,2025-06-22 10:37:23.105688,,,Cliente 177,Média Empresa,Nordeste
FUNNEL0052,CUST0575,Negociação,2025-07-18 10:37:23.105692,,,Cliente 575,Grande Empresa,Sudeste
FUNNEL0053,CUST0429,Negociação,2025-05-03 10:37:23.105695,,,Cliente 429,Pequena Empresa,Norte
FUNNEL0054,CUST0073,Lead,2025-06-30 10:37:23.105699,,,Cliente 73,Pequena Empresa,Sudeste
FUNNEL0055,CUST0847,Negociação,2025-04-25 10:37:23.105703,,,Cliente 847,Pequena Empresa,Centro-Oeste
FUNNEL0056,CUST0167,Qualificação,2025-07-06 10:37:23.105707,,,Cliente 167,Pequena Empresa,Norte
FUNNEL0057,CUST0225,Lead,2025-03-06 10:37:23.105710,,,Cliente 225,Pequena Empresa,Nordeste
FUNNEL0058,CUST0577,Negociação,2025-06-10 10:37:23.105714,,,Cliente 577,Pequena Empresa,Sudeste
FUNNEL0059,CUST0581,Proposta,2025-02-21 10:37:23.105717,,,Cliente 581,Média Empresa,Norte
FUNNEL0060,CUST0952,Qualificação,2025-03-12 10:37:23.105721,,,Cliente 952,Média Empresa,Sul
FUNNEL0061,CUST0009,Proposta,2025-05-17 10:37:23.105725,,,Cliente 9,Média Empresa,Centro-Oeste
FUNNEL0062,CUST0236,Fechado Perdido,2025-06-18 10:37:23.105728,2025-07-22 10:37:23.105728,34.0,Cliente 236,Grande Empresa,Centro-Oeste
FUNNEL0063,CUST0710,Proposta,2025-06-16 10:37:23.105732,,,Cliente 710,Média Empresa,Sul
FUNNEL0064,CUST0924,Negociação,2025-05-13 10:37:23.105735,,,Cliente 924,Grande Empresa,Sudeste
FUNNEL0065,CUST0685,Lead,2025-04-14 10:37:23.105739,,,Cliente 685,Autônomo,Norte
FUNNEL0066,CUST0794,Lead,2025-03-10 10:37:23.105743,,,Cliente 794,Média Empresa,Centro-Oeste
FUNNEL0067,CUST0028,Qualificação,2025-06-15 10:37:23.105746,,,Cliente 28,Média Empresa,Nordeste
FUNNEL0068,CUST0808,Proposta,2025-06-02 10:37:23.105750,,,Cliente 808,Autônomo,Nordeste
FUNNEL0069,CUST0911,Negociação,2025-04-12 10:37:23.105754,,,Cliente 911,Média Empresa,Norte
FUNNEL0070,CUST0646,Qualificação,2025-06-25 10:37:23.105757,,,Cliente 646,Grande Empresa,Nordeste
FUNNEL0071,CUST0027,Qualificação,2025-05-17 10:37:23.105761,,,Cliente 27,Pequena Empresa,Centro-Oeste
FUNNEL0072,CUST0550,Qualificação,2025-03-09 10:37:23.105764,,,Cliente 550,Grande Empresa,Sul
FUNNEL0073,CUST0196,Qualificação,2025-06-04 10:37:23.105768,,,Cliente 196,Pequena Empresa,Sul
FUNNEL0074,CUST0203,Fechado Perdido,2025-03-23 10:37:23.105771,2025-04-11 10:37:23.105771,19.0,Cliente 203,Pequena Empresa,Sul
FUNNEL0075,CUST0085,Proposta,2025-04-16 10:37:23.105775,,,Cliente 85,Pequena Empresa,Sudeste
FUNNEL0076,CUST0832,Lead,2025-03-25 10:37:23.105779,,,Cliente 832,Média Empresa,Sudeste
FUNNEL0077,CUST0030,Negociação,2025-02-19 10:37:23.105782,,,Cliente 30,Pequena Empresa,Nordeste
FUNNEL0078,CUST0466,Negociação,2025-06-14 10:37:23.105787,,,Cliente 466,Pequena Empresa,Centro-Oeste
FUNNEL0079,CUST0099,Negociação,2025-06-03 10:37:23.105790,,,Cliente 99,Pequena Empresa,Nordeste
FUNNEL0080,CUST0899,Lead,2025-08-05 10:37:23.105794,,,Cliente 899,Pequena Empresa,Sul
FUNNEL0081,CUST0190,Qualificação,2025-03-28 10:37:23.105797,,,Cliente 190,Pequena Empresa,Sudeste
FUNNEL0082,CUST0012,Lead,2025-05-21 10:37:23.105801,,,Cliente 12,Autônomo,Sudeste
FUNNEL0083,CUST0603,Fechado Ganho,2025-07-06 10:37:23.105805,2025-07-16 10:37:23.105805,10.0,Cliente 603,Pequena Empresa,Sul
FUNNEL0084,CUST0030,Negociação,2025-04-29 10:37:23.105808,,,Cliente 30,Pequena Empresa,Nordeste
FUNNEL0085,CUST0725,Proposta,2025-03-30 10:37:23.105812,,,Cliente 725,Média Empresa,Sul
FUNNEL0086,CUST0038,Qualificação,2025-04-25 10:37:23.105815,,,Cliente 38,Pequena Empresa,Nordeste
FUNNEL0087,CUST0853,Lead,2025-03-18 10:37:23.105819,,,Cliente 853,Pequena Empresa,Sul
FUNNEL0088,CUST0572,Lead,2025-03-12 10:37:23.105825,,,Cliente 572,Grande Empresa,Sudeste
FUNNEL0089,CUST0294,Fechado Perdido,2025-05-10 10:37:23.105836,2025-07-08 10:37:23.105836,59.0,Cliente 294,Pequena Empresa,Sudeste
FUNNEL0090,CUST0360,Lead,2025-06-19 10:37:23.105846,,,Cliente 360,Média Empresa,Sudeste
FUNNEL0091,CUST0655,Lead,2025-03-24 10:37:23.105851,,,Cliente 655,Média Empresa,Centro-Oeste
FUNNEL0092,CUST0914,Fechado Perdido,2025-02-14 10:37:23.105857,2025-04-12 10:37:23.105857,57.0,Cliente 914,Média Empresa,Sudeste
FUNNEL0093,CUST0180,Proposta,2025-03-11 10:37:23.105862,,,Cliente 180,Pequena Empresa,Sul
FUNNEL0094,CUST0797,Negociação,2025-05-12 10:37:23.105868,,,Cliente 797,Autônomo,Norte
FUNNEL0095,CUST0112,Lead,2025-02-28 10:37:23.105874,,,Cliente 112,Pequena Empresa,Nordeste
FUNNEL0096,CUST0742,Proposta,2025-07-30 10:37:23.105879,,,Cliente 742,Pequena Empresa,Sudeste
FUNNEL0097,CUST0444,Qualificação,2025-04-28 10:37:23.105885,,,Cliente 444,Pequena Empresa,Sul
FUNNEL0098,CUST0021,Negociação,2025-07-22 10:37:23.105892,,,Cliente 21,Média Empresa,Sudeste
FUNNEL0099,CUST0145,Lead,2025-06-28 10:37:23.105898,,,Cliente 145,Pequena Empresa,Sudeste
FUNNEL0100,CUST0499,Qualificação,2025-04-23 10:37:23.105902,,,Cliente 499,Autônomo,Norte
FUNNEL0101,CUST0146,Negociação,2025-07-11 10:37:23.105906,,,Cliente 146,Pequena Empresa,Nordeste
FUNNEL0102,CUST0441,Proposta,2025-04-25 10:37:23.105910,,,Cliente 441,Pequena Empresa,Nordeste
FUNNEL0103,CUST0887,Proposta,2025-04-24 10:37:23.105913,,,Cliente 887,Média Empresa,Centro-Oeste
FUNNEL0104,CUST0421,Lead,2025-03-14 10:37:23.105917,,,Cliente 421,Grande Empresa,Sul
FUNNEL0105,CUST0316,Lead,2025-07-03 10:37:23.105920,,,Cliente 316,Média Empresa,Centro-Oeste
FUNNEL0106,CUST0166,Negociação,2025-04-16 10:37:23.105924,,,Cliente 166,Grande Empresa,Sul
FUNNEL0107,CUST0652,Negociação,2025-06-16 10:37:23.105927,,,Cliente 652,Média Empresa,Norte
FUNNEL0108,CUST0203,Fechado Perdido,2025-03-17 10:37:23.105931,2025-04-06 10:37:23.105931,20.0,Cliente 203,Pequena Empresa,Sul
FUNNEL0109,CUST0496,Negociação,2025-06-15 10:37:23.105934,,,Cliente 496,Pequena Empresa,Centro-Oeste
FUNNEL0110,CUST0756,Proposta,2025-05-08 10:37:23.105938,,,Cliente 756,Grande Empresa,Centro-Oeste
FUNNEL0111,CUST0625,Fechado Ganho,2025-05-18 10:37:23.105942,2025-07-08 10:37:23.105942,51.0,Cliente 625,Média Empresa,Sul
FUNNEL0112,CUST0468,Lead,2025-04-25 10:37:23.105946,,,Cliente 468,Grande Empresa,Norte
FUNNEL0113,CUST0713,Qualificação,2025-06-02 10:37:23.105949,,,Cliente 713,Média Empresa,Centro-Oeste
FUNNEL0114,CUST0385,Qualificação,2025-04-16 10:37:23.105953,,,Cliente 385,Grande Empresa,Centro-Oeste
FUNNEL0115,CUST0314,Lead,2025-07-07 10:37:23.105956,,,Cliente 314,Autônomo,Nordeste
FUNNEL0116,CUST0771,Negociação,2025-06-07 10:37:23.105960,,,Cliente 771,Pequena Empresa,Sudeste
FUNNEL0117,CUST0255,Proposta,2025-04-28 10:37:23.105963,,,Cliente 255,Pequena Empresa,Norte
FUNNEL0118,CUST0959,Proposta,2025-04-24 10:37:23.105967,,,Cliente 959,Pequena Empresa,Norte
FUNNEL0119,CUST0917,Qualificação,2025-05-01 10:37:23.105971,,,Cliente 917,Pequena Empresa,Sudeste
FUNNEL0120,CUST0023,Proposta,2025-07-04 10:37:23.105974,,,Cliente 23,Pequena Empresa,Sul
FUNNEL0121,CUST0905,Lead,2025-06-09 10:37:23.105978,,,Cliente 905,Média Empresa,Sul
FUNNEL0122,CUST0758,Negociação,2025-08-04 10:37:23.105981,,,Cliente 758,Média Empresa,Sul
FUNNEL0123,CUST0339,Qualificação,2025-07-21 10:37:23.105985,,,Cliente 339,Média Empresa,Nordeste
FUNNEL0124,CUST0493,Fechado Ganho,2025-05-21 10:37:23.105989,2025-07-04 10:37:23.105989,44.0,Cliente 493,Pequena Empresa,Sul
FUNNEL0125,CUST0823,Lead,2025-06-22 10:37:23.105992,,,Cliente 823,Pequena Empresa,Centro-Oeste
FUNNEL0126,CUST0511,Lead,2025-02-22 10:37:23.105996,,,Cliente 511,Média Empresa,Centro-Oeste
FUNNEL0127,CUST0366,Proposta,2025-07-03 10:37:23.105999,,,Cliente 366,Pequena Empresa,Sul
FUNNEL0128,CUST0372,Fechado Ganho,2025-03-31 10:37:23.106003,2025-04-13 10:37:23.106003,13.0,Cliente 372,Pequena Empresa,Sul
FUNNEL0129,CUST0915,Proposta,2025-04-17 10:37:23.106007,,,Cliente 915,Média Empresa,Nordeste
FUNNEL0130,CUST0830,Negociação,2025-03-03 10:37:23.106010,,,Cliente 830,Média Empresa,Sul
FUNNEL0131,CUST0599,Fechado Perdido,2025-03-28 10:37:23.106014,2025-05-14 10:37:23.106014,47.0,Cliente 599,Pequena Empresa,Norte
FUNNEL0132,CUST0219,Fechado Perdido,2025-06-07 10:37:23.106018,2025-07-15 10:37:23.106018,38.0,Cliente 219,Média Empresa,Sudeste
FUNNEL0133,CUST0475,Negociação,2025-05-02 10:37:23.106021,,,Cliente 475,Média Empresa,Centro-Oeste
FUNNEL0134,CUST0423,Negociação,2025-03-15 10:37:23.106025,,,Cliente 423,Pequena Empresa,Nordeste
FUNNEL0135,CUST0356,Lead,2025-03-04 10:37:23.106028,,,Cliente 356,Média Empresa,Centro-Oeste
FUNNEL0136,CUST0460,Fechado Ganho,2025-02-10 10:37:23.106032,2025-03-13 10:37:23.106032,31.0,Cliente 460,Pequena Empresa,Norte
FUNNEL0137,CUST0503,Qualificação,2025-05-09 10:37:23.106036,,,Cliente 503,Pequena Empresa,Sudeste
FUNNEL0138,CUST0027,Fechado Perdido,2025-03-24 10:37:23.106039,2025-04-10 10:37:23.106039,17.0,Cliente 27,Pequena Empresa,Centro-Oeste
FUNNEL0139,CUST0942,Lead,2025-02-26 10:37:23.106043,,,Cliente 942,Média Empresa,Sul
FUNNEL0140,CUST0802,Qualificação,2025-06-09 10:37:23.106046,,,Cliente 802,Pequena Empresa,Sudeste
FUNNEL0141,CUST0801,Proposta,2025-07-20 10:37:23.106050,,,Cliente 801,Grande Empresa,Centro-Oeste
FUNNEL0142,CUST0860,Qualificação,2025-05-04 10:37:23.106053,,,Cliente 860,Pequena Empresa,Nordeste
FUNNEL0143,CUST0223,Lead,2025-03-05 10:37:23.106057,,,Cliente 223,Pequena Empresa,Centro-Oeste
FUNNEL0144,CUST0864,Proposta,2025-07-22 10:37:23.106061,,,Cliente 864,Média Empresa,Centro-Oeste
FUNNEL0145,CUST0690,Negociação,2025-07-28 10:37:23.106064,,,Cliente 690,Pequena Empresa,Centro-Oeste
FUNNEL0146,CUST0148,Proposta,2025-04-25 10:37:23.106068,,,Cliente 148,Média Empresa,Centro-Oeste
FUNNEL0147,CUST0424,Lead,2025-05-23 10:37:23.106072,,,Cliente 424,Média Empresa,Norte
FUNNEL0148,CUST0739,Negociação,2025-03-10 10:37:23.106086,,,Cliente 739,Média Empresa,Sudeste
FUNNEL0149,CUST0351,Qualificação,2025-07-22 10:37:23.106089,,,Cliente 351,Média Empresa,Centro-Oeste
FUNNEL0150,CUST0186,Lead,2025-07-26 10:37:23.106094,,,Cliente 186,Média Empresa,Centro-Oeste
FUNNEL0151,CUST0415,Negociação,2025-05-24 10:37:23.106097,,,Cliente 415,Média Empresa,Nordeste
FUNNEL0152,CUST0806,Fechado Ganho,2025-02-09 10:37:23.106101,2025-03-21 10:37:23.106101,40.0,Cliente 806,Grande Empresa,Norte
FUNNEL0153,CUST0982,Proposta,2025-03-31 10:37:23.106104,,,Cliente 982,Grande Empresa,Sul
FUNNEL0154,CUST0429,Proposta,2025-07-11 10:37:23.106107,,,Cliente 429,Pequena Empresa,Norte
FUNNEL0155,CUST0041,Qualificação,2025-07-26 10:37:23.106110,,,Cliente 41,Pequena Empresa,Sul
FUNNEL0156,CUST0905,Proposta,2025-07-08 10:37:23.106114,,,Cliente 905,Média Empresa,Sul
FUNNEL0157,CUST0393,Lead,2025-07-29 10:37:23.106117,,,Cliente 393,Pequena Empresa,Nordeste
FUNNEL0158,CUST0703,Fechado Perdido,2025-06-15 10:37:23.106120,2025-07-16 10:37:23.106120,31.0,Cliente 703,Pequena Empresa,Sudeste
FUNNEL0159,CUST0079,Fechado Ganho,2025-06-14 10:37:23.106123,2025-06-27 10:37:23.106123,13.0,Cliente 79,Pequena Empresa,Norte
FUNNEL0160,CUST0717,Negociação,2025-02-23 10:37:23.106126,,,Cliente 717,Grande Empresa,Centro-Oeste
FUNNEL0161,CUST0896,Proposta,2025-02-18 10:37:23.106129,,,Cliente 896,Pequena Empresa,Centro-Oeste
FUNNEL0162,CUST0790,Negociação,2025-06-19 10:37:23.106132,,,Cliente 790,Autônomo,Sul
FUNNEL0163,CUST0784,Proposta,2025-08-03 10:37:23.106136,,,Cliente 784,Pequena Empresa,Nordeste
FUNNEL0164,CUST0544,Qualificação,2025-05-20 10:37:23.106139,,,Cliente 544,Média Empresa,Sul
FUNNEL0165,CUST0450,Lead,2025-02-09 10:37:23.106142,,,Cliente 450,Pequena Empresa,Centro-Oeste
FUNNEL0166,CUST0474,Proposta,2025-05-08 10:37:23.106145,,,Cliente 474,Grande Empresa,Sudeste
FUNNEL0167,CUST0142,Fechado Perdido,2025-05-20 10:37:23.106148,2025-05-29 10:37:23.106148,9.0,Cliente 142,Pequena Empresa,Norte
FUNNEL0168,CUST0251,Lead,2025-03-01 10:37:23.106151,,,Cliente 251,Pequena Empresa,Centro-Oeste
FUNNEL0169,CUST0294,Lead,2025-04-26 10:37:23.106154,,,Cliente 294,Pequena Empresa,Sudeste
FUNNEL0170,CUST0610,Qualificação,2025-04-18 10:37:23.106158,,,Cliente 610,Média Empresa,Sudeste
FUNNEL0171,CUST0136,Fechado Ganho,2025-06-10 10:37:23.106161,2025-08-04 10:37:23.106161,55.0,Cliente 136,Pequena Empresa,Nordeste
FUNNEL0172,CUST0484,Qualificação,2025-05-17 10:37:23.106164,,,Cliente 484,Média Empresa,Norte
FUNNEL0173,CUST0789,Qualificação,2025-03-28 10:37:23.106167,,,Cliente 789,Média Empresa,Nordeste
FUNNEL0174,CUST0312,Proposta,2025-07-16 10:37:23.106174,,,Cliente 312,Pequena Empresa,Sul
FUNNEL0175,CUST0814,Proposta,2025-03-29 10:37:23.106177,,,Cliente 814,Autônomo,Norte
FUNNEL0176,CUST0555,Lead,2025-05-20 10:37:23.106180,,,Cliente 555,Grande Empresa,Sul
FUNNEL0177,CUST0632,Lead,2025-04-30 10:37:23.106184,,,Cliente 632,Grande Empresa,Norte
FUNNEL0178,CUST0732,Proposta,2025-02-13 10:37:23.106187,,,Cliente 732,Grande Empresa,Norte
FUNNEL0179,CUST0046,Proposta,2025-06-30 10:37:23.106190,,,Cliente 46,Média Empresa,Sudeste
FUNNEL0180,CUST0236,Fechado Perdido,2025-02-27 10:37:23.106193,2025-03-25 10:37:23.106193,26.0,Cliente 236,Grande Empresa,Centro-Oeste
FUNNEL0181,CUST0048,Negociação,2025-02-12 10:37:23.106196,,,Cliente 48,Média Empresa,Sul
FUNNEL0182,CUST0198,Lead,2025-04-12 10:37:23.106199,,,Cliente 198,Grande Empresa,Nordeste
FUNNEL0183,CUST0084,Proposta,2025-07-12 10:37:23.106203,,,Cliente 84,Pequena Empresa,Sudeste
FUNNEL0184,CUST0543,Qualificação,2025-03-24 10:37:23.106206,,,Cliente 543,Pequena Empresa,Nordeste
FUNNEL0185,CUST0161,Lead,2025-06-18 10:37:23.106209,,,Cliente 161,Pequena Empresa,Sul
FUNNEL0186,CUST0428,Fechado Perdido,2025-06-30 10:37:23.106212,2025-08-04 10:37:23.106212,35.0,Cliente 428,Grande Empresa,Sudeste
FUNNEL0187,CUST0071,Fechado Ganho,2025-03-22 10:37:23.106215,2025-03-29 10:37:23.106215,7.0,Cliente 71,Grande Empresa,Sudeste
FUNNEL0188,CUST0520,Lead,2025-06-26 10:37:23.106218,,,Cliente 520,Pequena Empresa,Centro-Oeste
FUNNEL0189,CUST0969,Qualificação,2025-07-01 10:37:23.106221,,,Cliente 969,Média Empresa,Sul
FUNNEL0190,CUST0898,Lead,2025-03-06 10:37:23.106225,,,Cliente 898,Grande Empresa,Nordeste
FUNNEL0191,CUST0913,Qualificação,2025-03-20 10:37:23.106228,,,Cliente 913,Média Empresa,Nordeste
FUNNEL0192,CUST0052,Proposta,2025-06-19 10:37:23.106231,,,Cliente 52,Grande Empresa,Centro-Oeste
FUNNEL0193,CUST0045,Qualificação,2025-03-18 10:37:23.106234,,,Cliente 45,Pequena Empresa,Norte
FUNNEL0194,CUST0293,Fechado Perdido,2025-06-22 10:37:23.106237,2025-07-26 10:37:23.106237,34.0,Cliente 293,Grande Empresa,Nordeste
FUNNEL0195,CUST0938,Lead,2025-02-25 10:37:23.106240,,,Cliente 938,Autônomo,Centro-Oeste
FUNNEL0196,CUST0812,Proposta,2025-07-09 10:37:23.106243,,,Cliente 812,Grande Empresa,Sudeste
FUNNEL0197,CUST0465,Fechado Ganho,2025-07-26 10:37:23.106246,2025-08-20 10:37:23.106246,25.0,Cliente 465,Autônomo,Sul
FUNNEL0198,CUST0885,Proposta,2025-04-13 10:37:23.106250,,,Cliente 885,Grande Empresa,Centro-Oeste
FUNNEL0199,CUST0550,Lead,2025-05-17 10:37:23.106253,,,Cliente 550,Grande Empresa,Sul
FUNNEL0200,CUST0867,Lead,2025-06-24 10:37:23.106256,,,Cliente 867,Pequena Empresa,Sudeste
FUNNEL0201,CUST0380,Qualificação,2025-08-05 10:37:23.106259,,,Cliente 380,Pequena Empresa,Sudeste
FUNNEL0202,CUST0743,Fechado Perdido,2025-07-21 10:37:23.106262,2025-08-29 10:37:23.106262,39.0,Cliente 743,Grande Empresa,Sudeste
FUNNEL0203,CUST0478,Fechado Perdido,2025-03-22 10:37:23.106265,2025-04-01 10:37:23.106265,10.0,Cliente 478,Média Empresa,Nordeste
FUNNEL0204,CUST0262,Fechado Perdido,2025-07-20 10:37:23.106269,2025-08-21 10:37:23.106269,32.0,Cliente 262,Autônomo,Sul
FUNNEL0205,CUST0580,Fechado Ganho,2025-07-16 10:37:23.106272,2025-08-21 10:37:23.106272,36.0,Cliente 580,Pequena Empresa,Norte
FUNNEL0206,CUST0179,Qualificação,2025-05-16 10:37:23.106275,,,Cliente 179,Autônomo,Nordeste
FUNNEL0207,CUST0357,Fechado Perdido,2025-06-10 10:37:23.106278,2025-07-26 10:37:23.106278,46.0,Cliente 357,Pequena Empresa,Sudeste
FUNNEL0208,CUST0419,Fechado Perdido,2025-06-15 10:37:23.106281,2025-07-26 10:37:23.106281,41.0,Cliente 419,Média Empresa,Nordeste
FUNNEL0209,CUST0698,Qualificação,2025-08-06 10:37:23.106284,,,Cliente 698,Média Empresa,Norte
FUNNEL0210,CUST0953,Qualificação,2025-06-07 10:37:23.106287,,,Cliente 953,Pequena Empresa,Sul
FUNNEL0211,CUST0201,Proposta,2025-03-01 10:37:23.106290,,,Cliente 201,Média Empresa,Nordeste
FUNNEL0212,CUST0902,Lead,2025-07-07 10:37:23.106294,,,Cliente 902,Pequena Empresa,Nordeste
FUNNEL0213,CUST0013,Lead,2025-06-02 10:37:23.106297,,,Cliente 13,Grande Empresa,Norte
FUNNEL0214,CUST0443,Fechado Perdido,2025-03-13 10:37:23.106300,2025-04-11 10:37:23.106300,29.0,Cliente 443,Pequena Empresa,Centro-Oeste
FUNNEL0215,CUST0726,Fechado Perdido,2025-06-15 10:37:23.106303,2025-07-21 10:37:23.106303,36.0,Cliente 726,Grande Empresa,Norte
FUNNEL0216,CUST0732,Lead,2025-05-04 10:37:23.106306,,,Cliente 732,Grande Empresa,Norte
FUNNEL0217,CUST0286,Qualificação,2025-03-10 10:37:23.106309,,,Cliente 286,Pequena Empresa,Norte
FUNNEL0218,CUST0756,Fechado Ganho,2025-07-15 10:37:23.106313,2025-08-23 10:37:23.106313,39.0,Cliente 756,Grande Empresa,Centro-Oeste
FUNNEL0219,CUST0868,Negociação,2025-03-17 10:37:23.106316,,,Cliente 868,Pequena Empresa,Sul
FUNNEL0220,CUST0258,Qualificação,2025-03-06 10:37:23.106319,,,Cliente 258,Média Empresa,Nordeste
FUNNEL0221,CUST0570,Negociação,2025-03-29 10:37:23.106322,,,Cliente 570,Pequena Empresa,Sudeste
FUNNEL0222,CUST0548,Fechado Ganho,2025-05-12 10:37:23.106325,2025-06-07 10:37:23.106325,26.0,Cliente 548,Média Empresa,Sudeste
FUNNEL0223,CUST0840,Fechado Perdido,2025-03-12 10:37:23.106328,2025-04-09 10:37:23.106328,28.0,Cliente 840,Média Empresa,Sul
FUNNEL0224,CUST0941,Qualificação,2025-04-04 10:37:23.106331,,,Cliente 941,Pequena Empresa,Norte
FUNNEL0225,CUST0490,Lead,2025-04-20 10:37:23.106334,,,Cliente 490,Grande Empresa,Nordeste
FUNNEL0226,CUST0498,Fechado Perdido,2025-06-28 10:37:23.106337,2025-08-10 10:37:23.106337,43.0,Cliente 498,Pequena Empresa,Sudeste
FUNNEL0227,CUST0905,Lead,2025-04-08 10:37:23.106341,,,Cliente 905,Média Empresa,Sul
FUNNEL0228,CUST0894,Negociação,2025-06-29 10:37:23.106344,,,Cliente 894,Pequena Empresa,Sul
FUNNEL0229,CUST0705,Lead,2025-04-09 10:37:23.106347,,,Cliente 705,Pequena Empresa,Sul
FUNNEL0230,CUST0333,Qualificação,2025-07-20 10:37:23.106350,,,Cliente 333,Pequena Empresa,Nordeste
FUNNEL0231,CUST0562,Qualificação,2025-02-19 10:37:23.106353,,,Cliente 562,Pequena Empresa,Norte
FUNNEL0232,CUST0975,Lead,2025-03-05 10:37:23.106356,,,Cliente 975,Pequena Empresa,Nordeste
FUNNEL0233,CUST0032,Fechado Perdido,2025-03-17 10:37:23.106359,2025-05-14 10:37:23.106359,58.0,Cliente 32,Pequena Empresa,Sudeste
FUNNEL0234,CUST0610,Lead,2025-07-01 10:37:23.106363,,,Cliente 610,Média Empresa,Sudeste
FUNNEL0235,CUST0043,Fechado Ganho,2025-08-02 10:37:23.106366,2025-09-05 10:37:23.106366,34.0,Cliente 43,Pequena Empresa,Sudeste
FUNNEL0236,CUST0893,Fechado Ganho,2025-05-26 10:37:23.106370,2025-07-19 10:37:23.106370,54.0,Cliente 893,Grande Empresa,Centro-Oeste
FUNNEL0237,CUST0351,Qualificação,2025-03-25 10:37:23.106373,,,Cliente 351,Média Empresa,Centro-Oeste
FUNNEL0238,CUST0334,Negociação,2025-06-27 10:37:23.106376,,,Cliente 334,Pequena Empresa,Norte
FUNNEL0239,CUST0822,Qualificação,2025-07-28 10:37:23.106379,,,Cliente 822,Pequena Empresa,Norte
FUNNEL0240,CUST0559,Negociação,2025-03-06 10:37:23.106382,,,Cliente 559,Grande Empresa,Norte
FUNNEL0241,CUST0270,Proposta,2025-05-31 10:37:23.106385,,,Cliente 270,Pequena Empresa,Norte
FUNNEL0242,CUST0944,Qualificação,2025-07-14 10:37:23.106389,,,Cliente 944,Grande Empresa,Norte
FUNNEL0243,CUST0823,Qualificação,2025-05-21 10:37:23.106392,,,Cliente 823,Pequena Empresa,Centro-Oeste
FUNNEL0244,CUST0413,Negociação,2025-02-19 10:37:23.106395,,,Cliente 413,Autônomo,Sul
FUNNEL0245,CUST0943,Fechado Perdido,2025-03-15 10:37:23.106398,2025-04-20 10:37:23.106398,36.0,Cliente 943,Média Empresa,Nordeste
FUNNEL0246,CUST0575,Lead,2025-04-20 10:37:23.106401,,,Cliente 575,Grande Empresa,Sudeste
FUNNEL0247,CUST0019,Proposta,2025-07-14 10:37:23.106404,,,Cliente 19,Média Empresa,Sul
FUNNEL0248,CUST0347,Qualificação,2025-03-05 10:37:23.106407,,,Cliente 347,Média Empresa,Sudeste
FUNNEL0249,CUST0905,Fechado Ganho,2025-07-31 10:37:23.106411,2025-09-04 10:37:23.106411,35.0,Cliente 905,Média Empresa,Sul
FUNNEL0250,CUST0613,Lead,2025-05-26 10:37:23.106414,,,Cliente 613,Média Empresa,Centro-Oeste
FUNNEL0251,CUST0037,Negociação,2025-04-22 10:37:23.106417,,,Cliente 37,Pequena Empresa,Sul
FUNNEL0252,CUST0619,Lead,2025-04-30 10:37:23.106420,,,Cliente 619,Grande Empresa,Sudeste
FUNNEL0253,CUST0092,Proposta,2025-04-07 10:37:23.106423,,,Cliente 92,Grande Empresa,Nordeste
FUNNEL0254,CUST0820,Fechado Ganho,2025-07-26 10:37:23.106426,2025-08-22 10:37:23.106426,27.0,Cliente 820,Pequena Empresa,Centro-Oeste
FUNNEL0255,CUST0185,Negociação,2025-05-14 10:37:23.106429,,,Cliente 185,Pequena Empresa,Nordeste
FUNNEL0256,CUST0728,Negociação,2025-08-04 10:37:23.106433,,,Cliente 728,Grande Empresa,Nordeste
FUNNEL0257,CUST0028,Proposta,2025-05-20 10:37:23.106436,,,Cliente 28,Média Empresa,Nordeste
FUNNEL0258,CUST0548,Fechado Ganho,2025-05-14 10:37:23.106439,2025-06-27 10:37:23.106439,44.0,Cliente 548,Média Empresa,Sudeste
FUNNEL0259,CUST0372,Proposta,2025-07-28 10:37:23.106442,,,Cliente 372,Pequena Empresa,Sul
FUNNEL0260,CUST0832,Fechado Perdido,2025-07-05 10:37:23.106449,2025-08-11 10:37:23.106449,37.0,Cliente 832,Média Empresa,Sudeste
FUNNEL0261,CUST0530,Proposta,2025-06-22 10:37:23.106453,,,Cliente 530,Grande Empresa,Norte
FUNNEL0262,CUST0345,Proposta,2025-06-09 10:37:23.106456,,,Cliente 345,Pequena Empresa,Nordeste
FUNNEL0263,CUST0419,Lead,2025-06-16 10:37:23.106459,,,Cliente 419,Média Empresa,Nordeste
FUNNEL0264,CUST0196,Proposta,2025-08-01 10:37:23.106462,,,Cliente 196,Pequena Empresa,Sul
FUNNEL0265,CUST0078,Lead,2025-03-30 10:37:23.106465,,,Cliente 78,Pequena Empresa,Nordeste
FUNNEL0266,CUST0167,Fechado Ganho,2025-07-09 10:37:23.106469,2025-08-07 10:37:23.106469,29.0,Cliente 167,Pequena Empresa,Norte
FUNNEL0267,CUST0090,Negociação,2025-04-10 10:37:23.106472,,,Cliente 90,Média Empresa,Centro-Oeste
FUNNEL0268,CUST0264,Fechado Perdido,2025-02-20 10:37:23.106475,2025-04-01 10:37:23.106475,40.0,Cliente 264,Média Empresa,Sul
FUNNEL0269,CUST0472,Lead,2025-05-02 10:37:23.106478,,,Cliente 472,Autônomo,Centro-Oeste
FUNNEL0270,CUST0208,Lead,2025-05-31 10:37:23.106481,,,Cliente 208,Média Empresa,Nordeste
FUNNEL0271,CUST0724,Fechado Ganho,2025-03-03 10:37:23.106485,2025-03-31 10:37:23.106485,28.0,Cliente 724,Grande Empresa,Sudeste
FUNNEL0272,CUST0271,Qualificação,2025-06-08 10:37:23.106488,,,Cliente 271,Grande Empresa,Sudeste
FUNNEL0273,CUST0263,Proposta,2025-04-05 10:37:23.106491,,,Cliente 263,Pequena Empresa,Sul
FUNNEL0274,CUST0506,Fechado Ganho,2025-05-15 10:37:23.106494,2025-06-19 10:37:23.106494,35.0,Cliente 506,Pequena Empresa,Centro-Oeste
FUNNEL0275,CUST0785,Proposta,2025-06-27 10:37:23.106497,,,Cliente 785,Pequena Empresa,Sul
FUNNEL0276,CUST0512,Lead,2025-04-16 10:37:23.106500,,,Cliente 512,Média Empresa,Norte
FUNNEL0277,CUST0854,Fechado Ganho,2025-06-03 10:37:23.106503,2025-07-16 10:37:23.106503,43.0,Cliente 854,Grande Empresa,Nordeste
FUNNEL0278,CUST0726,Lead,2025-05-20 10:37:23.106507,,,Cliente 726,Grande Empresa,Norte
FUNNEL0279,CUST0886,Fechado Ganho,2025-06-05 10:37:23.106510,2025-07-25 10:37:23.106510,50.0,Cliente 886,Pequena Empresa,Sudeste
FUNNEL0280,CUST0576,Lead,2025-02-12 10:37:23.106513,,,Cliente 576,Autônomo,Centro-Oeste
FUNNEL0281,CUST0524,Negociação,2025-03-12 10:37:23.106516,,,Cliente 524,Grande Empresa,Norte
FUNNEL0282,CUST0722,Lead,2025-04-11 10:37:23.106519,,,Cliente 722,Pequena Empresa,Centro-Oeste
FUNNEL0283,CUST0312,Negociação,2025-07-01 10:37:23.106522,,,Cliente 312,Pequena Empresa,Sul
FUNNEL0284,CUST0174,Lead,2025-06-04 10:37:23.106526,,,Cliente 174,Pequena Empresa,Sul
FUNNEL0285,CUST0431,Fechado Ganho,2025-05-13 10:37:23.106529,2025-05-30 10:37:23.106529,17.0,Cliente 431,Pequena Empresa,Norte
FUNNEL0286,CUST0768,Proposta,2025-03-27 10:37:23.106532,,,Cliente 768,Grande Empresa,Sudeste
FUNNEL0287,CUST0463,Lead,2025-07-04 10:37:23.106535,,,Cliente 463,Grande Empresa,Sul
FUNNEL0288,CUST0101,Negociação,2025-06-29 10:37:23.106538,,,Cliente 101,Pequena Empresa,Sul
FUNNEL0289,CUST0016,Proposta,2025-06-01 10:37:23.106541,,,Cliente 16,Pequena Empresa,Sudeste
FUNNEL0290,CUST0709,Lead,2025-06-06 10:37:23.106544,,,Cliente 709,Pequena Empresa,Sudeste
FUNNEL0291,CUST0258,Lead,2025-05-11 10:37:23.106547,,,Cliente 258,Média Empresa,Nordeste
FUNNEL0292,CUST0896,Qualificação,2025-03-08 10:37:23.106551,,,Cliente 896,Pequena Empresa,Centro-Oeste
FUNNEL0293,CUST0244,Lead,2025-03-29 10:37:23.106562,,,Cliente 244,Pequena Empresa,Sudeste
FUNNEL0294,CUST0348,Lead,2025-04-20 10:37:23.106566,,,Cliente 348,Pequena Empresa,Sudeste
FUNNEL0295,CUST0249,Qualificação,2025-05-10 10:37:23.106569,,,Cliente 249,Autônomo,Norte
FUNNEL0296,CUST0105,Proposta,2025-06-01 10:37:23.106572,,,Cliente 105,Autônomo,Nordeste
FUNNEL0297,CUST0694,Proposta,2025-05-20 10:37:23.106575,,,Cliente 694,Pequena Empresa,Centro-Oeste
FUNNEL0298,CUST0667,Lead,2025-02-10 10:37:23.106578,,,Cliente 667,Pequena Empresa,Norte
FUNNEL0299,CUST0287,Fechado Perdido,2025-07-09 10:37:23.106581,2025-07-23 10:37:23.106581,14.0,Cliente 287,Média Empresa,Nordeste
FUNNEL0300,CUST0169,Fechado Ganho,2025-05-25 10:37:23.106584,2025-06-21 10:37:23.106584,27.0,Cliente 169,Pequena Empresa,Norte
FUNNEL0301,CUST0420,Qualificação,2025-07-06 10:37:23.106587,,,Cliente 420,Grande Empresa,Centro-Oeste
FUNNEL0302,CUST0047,Lead,2025-05-12 10:37:23.106590,,,Cliente 47,Pequena Empresa,Norte
FUNNEL0303,CUST0043,Fechado Perdido,2025-06-29 10:37:23.106594,2025-07-21 10:37:23.106594,22.0,Cliente 43,Pequena Empresa,Sudeste
FUNNEL0304,CUST0321,Proposta,2025-03-23 10:37:23.106597,,,Cliente 321,Média Empresa,Centro-Oeste
FUNNEL0305,CUST0818,Qualificação,2025-04-28 10:37:23.106600,,,Cliente 818,Pequena Empresa,Norte
FUNNEL0306,CUST0221,Proposta,2025-03-18 10:37:23.106603,,,Cliente 221,Média Empresa,Sudeste
FUNNEL0307,CUST0513,Negociação,2025-05-31 10:37:23.106606,,,Cliente 513,Autônomo,Sudeste
FUNNEL0308,CUST0712,Lead,2025-03-12 10:37:23.106609,,,Cliente 712,Média Empresa,Norte
FUNNEL0309,CUST0441,Negociação,2025-07-10 10:37:23.106612,,,Cliente 441,Pequena Empresa,Nordeste
FUNNEL0310,CUST0144,Negociação,2025-07-24 10:37:23.106617,,,Cliente 144,Pequena Empresa,Nordeste
FUNNEL0311,CUST0890,Proposta,2025-02-16 10:37:23.106620,,,Cliente 890,Pequena Empresa,Centro-Oeste
FUNNEL0312,CUST0028,Fechado Ganho,2025-05-22 10:37:23.106623,2025-06-27 10:37:23.106623,36.0,Cliente 28,Média Empresa,Nordeste
FUNNEL0313,CUST0854,Lead,2025-04-13 10:37:23.106626,,,Cliente 854,Grande Empresa,Nordeste
FUNNEL0314,CUST0850,Proposta,2025-02-21 10:37:23.106629,,,Cliente 850,Média Empresa,Sul
FUNNEL0315,CUST0790,Qualificação,2025-07-10 10:37:23.106633,,,Cliente 790,Autônomo,Sul
FUNNEL0316,CUST0553,Qualificação,2025-05-10 10:37:23.106636,,,Cliente 553,Média Empresa,Norte
FUNNEL0317,CUST0844,Qualificação,2025-07-06 10:37:23.106639,,,Cliente 844,Autônomo,Norte
FUNNEL0318,CUST0659,Qualificação,2025-03-23 10:37:23.106642,,,Cliente 659,Média Empresa,Nordeste
FUNNEL0319,CUST0857,Lead,2025-03-04 10:37:23.106645,,,Cliente 857,Pequena Empresa,Norte
FUNNEL0320,CUST0690,Qualificação,2025-05-04 10:37:23.106648,,,Cliente 690,Pequena Empresa,Centro-Oeste
FUNNEL0321,CUST0827,Qualificação,2025-07-21 10:37:23.106651,,,Cliente 827,Pequena Empresa,Sul
FUNNEL0322,CUST0837,Negociação,2025-04-12 10:37:23.106654,,,Cliente 837,Autônomo,Centro-Oeste
FUNNEL0323,CUST0930,Lead,2025-05-22 10:37:23.106658,,,Cliente 930,Pequena Empresa,Centro-Oeste
FUNNEL0324,CUST0167,Negociação,2025-06-13 10:37:23.106661,,,Cliente 167,Pequena Empresa,Norte
FUNNEL0325,CUST0635,Lead,2025-07-28 10:37:23.106664,,,Cliente 635,Pequena Empresa,Centro-Oeste
FUNNEL0326,CUST0586,Lead,2025-05-19 10:37:23.106667,,,Cliente 586,Pequena Empresa,Sul
FUNNEL0327,CUST0751,Qualificação,2025-03-26 10:37:23.106670,,,Cliente 751,Pequena Empresa,Sudeste
FUNNEL0328,CUST0249,Lead,2025-02-12 10:37:23.106673,,,Cliente 249,Autônomo,Norte
FUNNEL0329,CUST0775,Proposta,2025-04-13 10:37:23.106676,,,Cliente 775,Grande Empresa,Norte
FUNNEL0330,CUST0764,Qualificação,2025-02-19 10:37:23.106680,,,Cliente 764,Grande Empresa,Nordeste
FUNNEL0331,CUST0357,Fechado Perdido,2025-05-20 10:37:23.106683,2025-06-26 10:37:23.106683,37.0,Cliente 357,Pequena Empresa,Sudeste
FUNNEL0332,CUST0111,Fechado Perdido,2025-06-08 10:37:23.106686,2025-07-18 10:37:23.106686,40.0,Cliente 111,Pequena Empresa,Sul
FUNNEL0333,CUST0692,Qualificação,2025-06-26 10:37:23.106689,,,Cliente 692,Média Empresa,Centro-Oeste
FUNNEL0334,CUST0700,Negociação,2025-04-13 10:37:23.106692,,,Cliente 700,Média Empresa,Centro-Oeste
FUNNEL0335,CUST0820,Lead,2025-04-20 10:37:23.106695,,,Cliente 820,Pequena Empresa,Centro-Oeste
FUNNEL0336,CUST0719,Proposta,2025-05-28 10:37:23.106698,,,Cliente 719,Pequena Empresa,Sudeste
FUNNEL0337,CUST0234,Negociação,2025-03-04 10:37:23.106702,,,Cliente 234,Média Empresa,Centro-Oeste
FUNNEL0338,CUST0024,Lead,2025-04-27 10:37:23.106705,,,Cliente 24,Pequena Empresa,Nordeste
FUNNEL0339,CUST0026,Lead,2025-07-25 10:37:23.106708,,,Cliente 26,Grande Empresa,Sul
FUNNEL0340,CUST0381,Lead,2025-07-23 10:37:23.106711,,,Cliente 381,Pequena Empresa,Sudeste
FUNNEL0341,CUST0730,Qualificação,2025-07-02 10:37:23.106714,,,Cliente 730,Pequena Empresa,Sul
FUNNEL0342,CUST0346,Proposta,2025-07-23 10:37:23.106717,,,Cliente 346,Média Empresa,Nordeste
FUNNEL0343,CUST0378,Qualificação,2025-04-12 10:37:23.106720,,,Cliente 378,Pequena Empresa,Nordeste
FUNNEL0344,CUST0522,Qualificação,2025-05-24 10:37:23.106726,,,Cliente 522,Pequena Empresa,Sul
FUNNEL0345,CUST0017,Proposta,2025-06-12 10:37:23.106729,,,Cliente 17,Pequena Empresa,Sul
FUNNEL0346,CUST0245,Negociação,2025-05-04 10:37:23.106732,,,Cliente 245,Pequena Empresa,Sul
FUNNEL0347,CUST0718,Lead,2025-03-28 10:37:23.106735,,,Cliente 718,Autônomo,Sul
FUNNEL0348,CUST0770,Negociação,2025-06-16 10:37:23.106738,,,Cliente 770,Grande Empresa,Norte
FUNNEL0349,CUST0624,Negociação,2025-03-22 10:37:23.106742,,,Cliente 624,Média Empresa,Centro-Oeste
FUNNEL0350,CUST0717,Negociação,2025-02-15 10:37:23.106745,,,Cliente 717,Grande Empresa,Centro-Oeste
FUNNEL0351,CUST0539,Negociação,2025-05-15 10:37:23.106748,,,Cliente 539,Média Empresa,Centro-Oeste
FUNNEL0352,CUST0969,Proposta,2025-07-09 10:37:23.106751,,,Cliente 969,Média Empresa,Sul
FUNNEL0353,CUST0583,Lead,2025-06-15 10:37:23.106754,,,Cliente 583,Média Empresa,Sul
FUNNEL0354,CUST0688,Proposta,2025-03-03 10:37:23.106759,,,Cliente 688,Pequena Empresa,Norte
FUNNEL0355,CUST0202,Fechado Perdido,2025-03-09 10:37:23.106762,2025-04-10 10:37:23.106762,32.0,Cliente 202,Pequena Empresa,Norte
FUNNEL0356,CUST0248,Proposta,2025-02-10 10:37:23.106765,,,Cliente 248,Autônomo,Sul
FUNNEL0357,CUST0118,Lead,2025-07-17 10:37:23.106768,,,Cliente 118,Pequena Empresa,Sul
FUNNEL0358,CUST0009,Lead,2025-04-17 10:37:23.106771,,,Cliente 9,Média Empresa,Centro-Oeste
FUNNEL0359,CUST0598,Fechado Perdido,2025-02-17 10:37:23.106774,2025-03-09 10:37:23.106774,20.0,Cliente 598,Pequena Empresa,Sul
FUNNEL0360,CUST0023,Lead,2025-03-22 10:37:23.106777,,,Cliente 23,Pequena Empresa,Sul
FUNNEL0361,CUST0967,Lead,2025-05-23 10:37:23.106781,,,Cliente 967,Grande Empresa,Centro-Oeste
FUNNEL0362,CUST0240,Qualificação,2025-07-08 10:37:23.106784,,,Cliente 240,Pequena Empresa,Sudeste
FUNNEL0363,CUST0585,Fechado Perdido,2025-04-04 10:37:23.106787,2025-04-24 10:37:23.106787,20.0,Cliente 585,Média Empresa,Sul
FUNNEL0364,CUST0027,Qualificação,2025-06-17 10:37:23.106790,,,Cliente 27,Pequena Empresa,Centro-Oeste
FUNNEL0365,CUST0984,Qualificação,2025-02-27 10:37:23.106793,,,Cliente 984,Pequena Empresa,Sudeste
FUNNEL0366,CUST0861,Proposta,2025-03-14 10:37:23.106796,,,Cliente 861,Grande Empresa,Sul
FUNNEL0367,CUST0081,Lead,2025-05-21 10:37:23.106799,,,Cliente 81,Grande Empresa,Centro-Oeste
FUNNEL0368,CUST0596,Fechado Ganho,2025-07-16 10:37:23.106803,2025-08-07 10:37:23.106803,22.0,Cliente 596,Média Empresa,Nordeste
FUNNEL0369,CUST0199,Proposta,2025-06-04 10:37:23.106806,,,Cliente 199,Grande Empresa,Centro-Oeste
FUNNEL0370,CUST0555,Proposta,2025-07-17 10:37:23.106809,,,Cliente 555,Grande Empresa,Sul
FUNNEL0371,CUST1000,Fechado Ganho,2025-03-31 10:37:23.106812,2025-04-12 10:37:23.106812,12.0,Cliente 1000,Média Empresa,Nordeste
FUNNEL0372,CUST0775,Fechado Perdido,2025-04-22 10:37:23.106815,2025-06-07 10:37:23.106815,46.0,Cliente 775,Grande Empresa,Norte
FUNNEL0373,CUST0092,Qualificação,2025-04-13 10:37:23.106818,,,Cliente 92,Grande Empresa,Nordeste
FUNNEL0374,CUST0851,Lead,2025-04-05 10:37:23.106821,,,Cliente 851,Pequena Empresa,Norte
FUNNEL0375,CUST0959,Fechado Ganho,2025-03-17 10:37:23.106824,2025-04-06 10:37:23.106824,20.0,Cliente 959,Pequena Empresa,Norte
FUNNEL0376,CUST0084,Qualificação,2025-07-02 10:37:23.106828,,,Cliente 84,Pequena Empresa,Sudeste
FUNNEL0377,CUST0300,Fechado Perdido,2025-06-21 10:37:23.106831,2025-08-19 10:37:23.106831,59.0,Cliente 300,Pequena Empresa,Sudeste
FUNNEL0378,CUST0935,Fechado Perdido,2025-07-06 10:37:23.106834,2025-07-21 10:37:23.106834,15.0,Cliente 935,Pequena Empresa,Norte
FUNNEL0379,CUST0296,Lead,2025-02-14 10:37:23.106837,,,Cliente 296,Média Empresa,Centro-Oeste
FUNNEL0380,CUST0647,Fechado Perdido,2025-06-14 10:37:23.106840,2025-06-24 10:37:23.106840,10.0,Cliente 647,Média Empresa,Sul
FUNNEL0381,CUST0454,Qualificação,2025-02-27 10:37:23.106843,,,Cliente 454,Autônomo,Sul
FUNNEL0382,CUST0281,Proposta,2025-02-21 10:37:23.106847,,,Cliente 281,Grande Empresa,Sudeste
FUNNEL0383,CUST0059,Lead,2025-07-15 10:37:23.106850,,,Cliente 59,Pequena Empresa,Norte
FUNNEL0384,CUST0909,Fechado Ganho,2025-02-17 10:37:23.106853,2025-02-22 10:37:23.106853,5.0,Cliente 909,Pequena Empresa,Nordeste
FUNNEL0385,CUST0871,Proposta,2025-08-05 10:37:23.106856,,,Cliente 871,Pequena Empresa,Sudeste
FUNNEL0386,CUST1000,Proposta,2025-02-22 10:37:23.106859,,,Cliente 1000,Média Empresa,Nordeste
FUNNEL0387,CUST0342,Fechado Perdido,2025-03-03 10:37:23.106862,2025-03-19 10:37:23.106862,16.0,Cliente 342,Média Empresa,Sudeste
FUNNEL0388,CUST0753,Proposta,2025-04-19 10:37:23.106865,,,Cliente 753,Média Empresa,Nordeste
FUNNEL0389,CUST0465,Qualificação,2025-04-05 10:37:23.106869,,,Cliente 465,Autônomo,Sul
FUNNEL0390,CUST0880,Fechado Ganho,2025-06-01 10:37:23.106872,2025-07-13 10:37:23.106872,42.0,Cliente 880,Pequena Empresa,Norte
FUNNEL0391,CUST0342,Negociação,2025-05-28 10:37:23.106875,,,Cliente 342,Média Empresa,Sudeste
FUNNEL0392,CUST0610,Fechado Perdido,2025-02-24 10:37:23.106878,2025-03-28 10:37:23.106878,32.0,Cliente 610,Média Empresa,Sudeste
FUNNEL0393,CUST0062,Fechado Perdido,2025-07-09 10:37:23.106881,2025-08-27 10:37:23.106881,49.0,Cliente 62,Pequena Empresa,Nordeste
FUNNEL0394,CUST0776,Qualificação,2025-04-10 10:37:23.106884,,,Cliente 776,Pequena Empresa,Centro-Oeste
FUNNEL0395,CUST0625,Qualificação,2025-02-23 10:37:23.106888,,,Cliente 625,Média Empresa,Sul
FUNNEL0396,CUST0429,Qualificação,2025-04-16 10:37:23.106891,,,Cliente 429,Pequena Empresa,Norte
FUNNEL0397,CUST0658,Negociação,2025-06-23 10:37:23.106894,,,Cliente 658,Pequena Empresa,Nordeste
FUNNEL0398,CUST0728,Qualificação,2025-07-22 10:37:23.106897,,,Cliente 728,Grande Empresa,Nordeste
FUNNEL0399,CUST0256,Negociação,2025-07-07 10:37:23.106900,,,Cliente 256,Média Empresa,Centro-Oeste
FUNNEL0400,CUST0828,Lead,2025-02-26 10:37:23.106903,,,Cliente 828,Pequena Empresa,Sudeste
FUNNEL0401,CUST0828,Lead,2025-06-18 10:37:23.106906,,,Cliente 828,Pequena Empresa,Sudeste
FUNNEL0402,CUST0874,Lead,2025-04-07 10:37:23.106910,,,Cliente 874,Média Empresa,Norte
FUNNEL0403,CUST0770,Lead,2025-02-17 10:37:23.106932,,,Cliente 770,Grande Empresa,Norte
FUNNEL0404,CUST0706,Proposta,2025-07-23 10:37:23.106935,,,Cliente 706,Autônomo,Sudeste
FUNNEL0405,CUST0347,Lead,2025-02-12 10:37:23.106938,,,Cliente 347,Média Empresa,Sudeste
FUNNEL0406,CUST0526,Lead,2025-06-19 10:37:23.106941,,,Cliente 526,Média Empresa,Sul
FUNNEL0407,CUST0304,Lead,2025-02-16 10:37:23.106944,,,Cliente 304,Média Empresa,Centro-Oeste
FUNNEL0408,CUST0615,Negociação,2025-07-28 10:37:23.106948,,,Cliente 615,Grande Empresa,Norte
FUNNEL0409,CUST0245,Fechado Ganho,2025-07-18 10:37:23.106951,2025-08-08 10:37:23.106951,21.0,Cliente 245,Pequena Empresa,Sul
FUNNEL0410,CUST0757,Lead,2025-05-29 10:37:23.106954,,,Cliente 757,Média Empresa,Sul
FUNNEL0411,CUST0824,Negociação,2025-07-30 10:37:23.106957,,,Cliente 824,Pequena Empresa,Sudeste
FUNNEL0412,CUST0780,Qualificação,2025-02-15 10:37:23.106960,,,Cliente 780,Média Empresa,Nordeste
FUNNEL0413,CUST0736,Lead,2025-07-04 10:37:23.106963,,,Cliente 736,Grande Empresa,Centro-Oeste
FUNNEL0414,CUST0732,Proposta,2025-02-09 10:37:23.106967,,,Cliente 732,Grande Empresa,Norte
FUNNEL0415,CUST0823,Lead,2025-08-03 10:37:23.106970,,,Cliente 823,Pequena Empresa,Centro-Oeste
FUNNEL0416,CUST0412,Negociação,2025-04-21 10:37:23.106973,,,Cliente 412,Autônomo,Centro-Oeste
FUNNEL0417,CUST0878,Lead,2025-02-21 10:37:23.106976,,,Cliente 878,Média Empresa,Sudeste
FUNNEL0418,CUST0217,Fechado Perdido,2025-07-14 10:37:23.106979,2025-07-19 10:37:23.106979,5.0,Cliente 217,Pequena Empresa,Norte
FUNNEL0419,CUST0516,Lead,2025-06-13 10:37:23.106982,,,Cliente 516,Pequena Empresa,Centro-Oeste
FUNNEL0420,CUST0474,Proposta,2025-07-12 10:37:23.106986,,,Cliente 474,Grande Empresa,Sudeste
FUNNEL0421,CUST0036,Fechado Perdido,2025-07-13 10:37:23.106989,2025-08-18 10:37:23.106989,36.0,Cliente 36,Grande Empresa,Norte
FUNNEL0422,CUST0178,Lead,2025-07-02 10:37:23.106992,,,Cliente 178,Pequena Empresa,Sul
FUNNEL0423,CUST0387,Proposta,2025-05-28 10:37:23.106995,,,Cliente 387,Pequena Empresa,Nordeste
FUNNEL0424,CUST0769,Qualificação,2025-07-26 10:37:23.106998,,,Cliente 769,Pequena Empresa,Centro-Oeste
FUNNEL0425,CUST0017,Proposta,2025-03-31 10:37:23.107001,,,Cliente 17,Pequena Empresa,Sul
FUNNEL0426,CUST0711,Lead,2025-04-13 10:37:23.107006,,,Cliente 711,Grande Empresa,Nordeste
FUNNEL0427,CUST0830,Lead,2025-02-10 10:37:23.107009,,,Cliente 830,Média Empresa,Sul
FUNNEL0428,CUST0048,Proposta,2025-03-07 10:37:23.107012,,,Cliente 48,Média Empresa,Sul
FUNNEL0429,CUST0062,Qualificação,2025-03-27 10:37:23.107017,,,Cliente 62,Pequena Empresa,Nordeste
FUNNEL0430,CUST0069,Proposta,2025-05-16 10:37:23.107021,,,Cliente 69,Pequena Empresa,Sudeste
FUNNEL0431,CUST0659,Lead,2025-08-01 10:37:23.107024,,,Cliente 659,Média Empresa,Nordeste
FUNNEL0432,CUST0871,Qualificação,2025-07-12 10:37:23.107027,,,Cliente 871,Pequena Empresa,Sudeste
FUNNEL0433,CUST0366,Proposta,2025-04-16 10:37:23.107030,,,Cliente 366,Pequena Empresa,Sul
FUNNEL0434,CUST0162,Proposta,2025-04-26 10:37:23.107033,,,Cliente 162,Média Empresa,Centro-Oeste
FUNNEL0435,CUST0739,Qualificação,2025-04-09 10:37:23.107036,,,Cliente 739,Média Empresa,Sudeste
FUNNEL0436,CUST0945,Qualificação,2025-02-21 10:37:23.107040,,,Cliente 945,Pequena Empresa,Norte
FUNNEL0437,CUST0976,Qualificação,2025-07-29 10:37:23.107043,,,Cliente 976,Pequena Empresa,Sudeste
FUNNEL0438,CUST0488,Lead,2025-06-23 10:37:23.107046,,,Cliente 488,Pequena Empresa,Centro-Oeste
FUNNEL0439,CUST0431,Qualificação,2025-07-24 10:37:23.107049,,,Cliente 431,Pequena Empresa,Norte
FUNNEL0440,CUST0999,Lead,2025-04-17 10:37:23.107052,,,Cliente 999,Autônomo,Centro-Oeste
FUNNEL0441,CUST0859,Proposta,2025-06-13 10:37:23.107056,,,Cliente 859,Média Empresa,Sul
FUNNEL0442,CUST0489,Proposta,2025-03-23 10:37:23.107059,,,Cliente 489,Autônomo,Norte
FUNNEL0443,CUST0230,Qualificação,2025-07-23 10:37:23.107062,,,Cliente 230,Média Empresa,Centro-Oeste
FUNNEL0444,CUST0370,Qualificação,2025-07-01 10:37:23.107065,,,Cliente 370,Pequena Empresa,Sul
FUNNEL0445,CUST0178,Lead,2025-02-10 10:37:23.107068,,,Cliente 178,Pequena Empresa,Sul
FUNNEL0446,CUST0857,Proposta,2025-04-02 10:37:23.107071,,,Cliente 857,Pequena Empresa,Norte
FUNNEL0447,CUST0410,Fechado Perdido,2025-04-12 10:37:23.107075,2025-04-24 10:37:23.107075,12.0,Cliente 410,Pequena Empresa,Norte
FUNNEL0448,CUST0568,Negociação,2025-05-15 10:37:23.107078,,,Cliente 568,Média Empresa,Sul
FUNNEL0449,CUST0590,Negociação,2025-05-27 10:37:23.107081,,,Cliente 590,Pequena Empresa,Sudeste
FUNNEL0450,CUST0270,Fechado Ganho,2025-05-03 10:37:23.107084,2025-06-30 10:37:23.107084,58.0,Cliente 270,Pequena Empresa,Norte
FUNNEL0451,CUST0206,Qualificação,2025-04-18 10:37:23.107087,,,Cliente 206,Pequena Empresa,Sul
FUNNEL0452,CUST0793,Lead,2025-03-11 10:37:23.107090,,,Cliente 793,Média Empresa,Sul
FUNNEL0453,CUST0740,Proposta,2025-04-24 10:37:23.107094,,,Cliente 740,Pequena Empresa,Norte
FUNNEL0454,CUST0900,Lead,2025-03-13 10:37:23.107097,,,Cliente 900,Pequena Empresa,Centro-Oeste
FUNNEL0455,CUST0751,Proposta,2025-06-10 10:37:23.107100,,,Cliente 751,Pequena Empresa,Sudeste
FUNNEL0456,CUST0975,Negociação,2025-05-04 10:37:23.107103,,,Cliente 975,Pequena Empresa,Nordeste
FUNNEL0457,CUST0800,Negociação,2025-04-11 10:37:23.107106,,,Cliente 800,Autônomo,Sudeste
FUNNEL0458,CUST0082,Qualificação,2025-08-01 10:37:23.107110,,,Cliente 82,Média Empresa,Sul
FUNNEL0459,CUST0846,Proposta,2025-08-03 10:37:23.107113,,,Cliente 846,Média Empresa,Sul
FUNNEL0460,CUST0762,Proposta,2025-06-25 10:37:23.107116,,,Cliente 762,Pequena Empresa,Sudeste
FUNNEL0461,CUST0193,Fechado Ganho,2025-05-06 10:37:23.107119,2025-06-19 10:37:23.107119,44.0,Cliente 193,Autônomo,Norte
FUNNEL0462,CUST0618,Negociação,2025-06-26 10:37:23.107122,,,Cliente 618,Pequena Empresa,Norte
FUNNEL0463,CUST0189,Fechado Perdido,2025-08-04 10:37:23.107125,2025-09-20 10:37:23.107125,47.0,Cliente 189,Média Empresa,Nordeste
FUNNEL0464,CUST0276,Lead,2025-03-31 10:37:23.107129,,,Cliente 276,Média Empresa,Sul
FUNNEL0465,CUST0074,Qualificação,2025-07-23 10:37:23.107132,,,Cliente 74,Grande Empresa,Centro-Oeste
FUNNEL0466,CUST0010,Qualificação,2025-06-21 10:37:23.107135,,,Cliente 10,Grande Empresa,Nordeste
FUNNEL0467,CUST0635,Lead,2025-05-14 10:37:23.107138,,,Cliente 635,Pequena Empresa,Centro-Oeste
FUNNEL0468,CUST0216,Fechado Perdido,2025-02-14 10:37:23.107141,2025-04-05 10:37:23.107141,50.0,Cliente 216,Pequena Empresa,Sul
FUNNEL0469,CUST0290,Fechado Perdido,2025-06-10 10:37:23.107144,2025-07-08 10:37:23.107144,28.0,Cliente 290,Média Empresa,Sudeste
FUNNEL0470,CUST0445,Lead,2025-06-29 10:37:23.107148,,,Cliente 445,Grande Empresa,Norte
FUNNEL0471,CUST0988,Lead,2025-03-29 10:37:23.107151,,,Cliente 988,Média Empresa,Sudeste
FUNNEL0472,CUST0923,Qualificação,2025-03-02 10:37:23.107154,,,Cliente 923,Grande Empresa,Centro-Oeste
FUNNEL0473,CUST0552,Fechado Ganho,2025-07-03 10:37:23.107157,2025-07-17 10:37:23.107157,14.0,Cliente 552,Grande Empresa,Centro-Oeste
FUNNEL0474,CUST0193,Qualificação,2025-03-03 10:37:23.107160,,,Cliente 193,Autônomo,Norte
FUNNEL0475,CUST0639,Lead,2025-02-10 10:37:23.107163,,,Cliente 639,Pequena Empresa,Sudeste
FUNNEL0476,CUST0289,Lead,2025-06-16 10:37:23.107167,,,Cliente 289,Pequena Empresa,Nordeste
FUNNEL0477,CUST0964,Qualificação,2025-04-11 10:37:23.107170,,,Cliente 964,Pequena Empresa,Centro-Oeste
FUNNEL0478,CUST0583,Fechado Perdido,2025-07-24 10:37:23.107173,2025-09-13 10:37:23.107173,51.0,Cliente 583,Média Empresa,Sul
FUNNEL0479,CUST0649,Qualificação,2025-02-25 10:37:23.107176,,,Cliente 649,Grande Empresa,Nordeste
FUNNEL0480,CUST0144,Qualificação,2025-03-04 10:37:23.107179,,,Cliente 144,Pequena Empresa,Nordeste
FUNNEL0481,CUST0389,Lead,2025-07-08 10:37:23.107182,,,Cliente 389,Grande Empresa,Centro-Oeste
FUNNEL0482,CUST0866,Proposta,2025-05-09 10:37:23.107186,,,Cliente 866,Média Empresa,Sul
FUNNEL0483,CUST0892,Negociação,2025-03-25 10:37:23.107189,,,Cliente 892,Grande Empresa,Norte
FUNNEL0484,CUST0407,Qualificação,2025-02-21 10:37:23.107192,,,Cliente 407,Pequena Empresa,Centro-Oeste
FUNNEL0485,CUST0811,Qualificação,2025-05-04 10:37:23.107195,,,Cliente 811,Autônomo,Centro-Oeste
FUNNEL0486,CUST0370,Fechado Ganho,2025-05-30 10:37:23.107198,2025-07-12 10:37:23.107198,43.0,Cliente 370,Pequena Empresa,Sul
FUNNEL0487,CUST0857,Lead,2025-02-25 10:37:23.107201,,,Cliente 857,Pequena Empresa,Norte
FUNNEL0488,CUST0441,Proposta,2025-04-02 10:37:23.107205,,,Cliente 441,Pequena Empresa,Nordeste
FUNNEL0489,CUST0947,Qualificação,2025-06-16 10:37:23.107208,,,Cliente 947,Pequena Empresa,Sul
FUNNEL0490,CUST0781,Qualificação,2025-03-18 10:37:23.107211,,,Cliente 781,Média Empresa,Centro-Oeste
FUNNEL0491,CUST0896,Negociação,2025-06-05 10:37:23.107214,,,Cliente 896,Pequena Empresa,Centro-Oeste
FUNNEL0492,CUST0920,Fechado Ganho,2025-07-02 10:37:23.107217,2025-08-14 10:37:23.107217,43.0,Cliente 920,Pequena Empresa,Centro-Oeste
FUNNEL0493,CUST0651,Proposta,2025-05-08 10:37:23.107220,,,Cliente 651,Pequena Empresa,Norte
FUNNEL0494,CUST0564,Lead,2025-03-08 10:37:23.107224,,,Cliente 564,Pequena Empresa,Sudeste
FUNNEL0495,CUST0529,Proposta,2025-02-20 10:37:23.107227,,,Cliente 529,Pequena Empresa,Nordeste
FUNNEL0496,CUST0677,Proposta,2025-03-03 10:37:23.107230,,,Cliente 677,Pequena Empresa,Sudeste
FUNNEL0497,CUST0013,Proposta,2025-06-15 10:37:23.107233,,,Cliente 13,Grande Empresa,Norte
FUNNEL0498,CUST0702,Negociação,2025-04-20 10:37:23.107236,,,Cliente 702,Pequena Empresa,Sul
FUNNEL0499,CUST0987,Lead,2025-03-10 10:37:23.107239,,,Cliente 987,Média Empresa,Sudeste
FUNNEL0500,CUST0340,Proposta,2025-05-27 10:37:23.107242,,,Cliente 340,Pequena Empresa,Norte
